"shapeid","GEOID10","NAME10","ALAND10","AWATER10","INTPTLAT10","INTPTLON10","DP0010001","DP0010002","DP0010003","DP0010004","DP0010005","DP0010006","DP0010007","DP0010008","DP0010009","DP0010010","DP0010011","DP0010012","DP0010013","DP0010014","DP0010015","DP0010016","DP0010017","DP0010018","DP0010019","DP0010020","DP0010021","DP0010022","DP0010023","DP0010024","DP0010025","DP0010026","DP0010027","DP0010028","DP0010029","DP0010030","DP0010031","DP0010032","DP0010033","DP0010034","DP0010035","DP0010036","DP0010037","DP0010038","DP0010039","DP0010040","DP0010041","DP0010042","DP0010043","DP0010044","DP0010045","DP0010046","DP0010047","DP0010048","DP0010049","DP0010050","DP0010051","DP0010052","DP0010053","DP0010054","DP0010055","DP0010056","DP0010057","DP0020001","DP0020002","DP0020003","DP0030001","DP0030002","DP0030003","DP0040001","DP0040002","DP0040003","DP0050001","DP0050002","DP0050003","DP0060001","DP0060002","DP0060003","DP0070001","DP0070002","DP0070003","DP0080001","DP0080002","DP0080003","DP0080004","DP0080005","DP0080006","DP0080007","DP0080008","DP0080009","DP0080010","DP0080011","DP0080012","DP0080013","DP0080014","DP0080015","DP0080016","DP0080017","DP0080018","DP0080019","DP0080020","DP0080021","DP0080022","DP0080023","DP0080024","DP0090001","DP0090002","DP0090003","DP0090004","DP0090005","DP0090006","DP0100001","DP0100002","DP0100003","DP0100004","DP0100005","DP0100006","DP0100007","DP0110001","DP0110002","DP0110003","DP0110004","DP0110005","DP0110006","DP0110007","DP0110008","DP0110009","DP0110010","DP0110011","DP0110012","DP0110013","DP0110014","DP0110015","DP0110016","DP0110017","DP0120001","DP0120002","DP0120003","DP0120004","DP0120005","DP0120006","DP0120007","DP0120008","DP0120009","DP0120010","DP0120011","DP0120012","DP0120013","DP0120014","DP0120015","DP0120016","DP0120017","DP0120018","DP0120019","DP0120020","DP0130001","DP0130002","DP0130003","DP0130004","DP0130005","DP0130006","DP0130007","DP0130008","DP0130009","DP0130010","DP0130011","DP0130012","DP0130013","DP0130014","DP0130015","DP0140001","DP0150001","DP0160001","DP0170001","DP0180001","DP0180002","DP0180003","DP0180004","DP0180005","DP0180006","DP0180007","DP0180008","DP0180009","DP0190001","DP0200001","DP0210001","DP0210002","DP0210003","DP0220001","DP0220002","DP0230001","DP0230002","Shape_Leng","Shape_Area"
"0","0635130","San Ramon Valley Unified School District","276719461.0","73474.0","+37.8046693","-121.9365298","143385","9055","11948","12253","9486","4595","5278","6895","10641","12780","13819","11923","9953","8634","6071","3863","2421","1840","1930","70192","4688","6145","6243","4982","2364","2548","3022","4959","6067","6740","5927","4820","4221","2930","1959","1176","756","645","73193","4367","5803","6010","4504","2231","2730","3873","5682","6713","7079","5996","5133","4413","3141","1904","1245","1084","1285","40.6","40.1","41.0","107823","51907","55916","103173","49514","53659","99685","47637","52048","21230","9959","11271","16125","7466","8659","143385","136744","96370","2769","319","34707","9845","12278","4537","1186","3056","1107","2698","255","56","71","20","108","2324","6641","523","3691","475","521","102216","3675","1130","39361","828","3347","143385","10717","6062","536","229","3890","132668","143385","10717","6881","125","120","270","31","2006","1284","132668","89489","2644","199","34437","224","318","5357","143385","142980","50850","34668","47673","38865","5246","1028","1968","4543","273","396","2080","405","219","55","164","186","82","104","50850","39907","21363","34668","18439","1583","882","3656","2042","10943","8594","3261","787","5333","2222","22049","11290","2.81","3.19","52740","50850","1890","485","61","474","184","289","397","1.2","4.4","50850","40276","10574","117283","25697","2.91","2.43","0.79672064613","0.02831771228"
"1","0632550","West Contra Costa Unified School District","159653377.0","115332231.0","+37.9730280","-122.3310035","235847","15997","15351","14936","15847","15499","16899","16629","16566","16809","17334","16919","15512","13710","9031","6397","4815","3648","3948","114458","8093","7835","7710","8098","7839","8422","8195","8026","8433","8354","8005","7313","6293","4083","2952","1992","1490","1325","121389","7904","7516","7226","7749","7660","8477","8434","8540","8376","8980","8914","8199","7417","4948","3445","2823","2158","2623","37.0","35.6","38.4","186441","89236","97205","180066","86020","94046","170538","81111","89427","35631","15339","20292","27839","11842","15997","235847","221798","87286","45518","1559","44788","4072","12123","14868","2391","1296","2499","7539","1122","128","124","276","594","41525","14049","942","2940","1812","3321","97787","50195","4075","50405","2287","46769","235847","79253","53667","1178","350","24058","156594","235847","79253","30161","1252","942","622","110","40344","5822","156594","57125","44266","617","44166","1012","1181","8227","235847","233516","82915","37666","70388","46467","26418","8050","3848","16129","1111","875","6154","2331","1394","842","552","937","538","399","82915","56749","26092","37666","17145","5284","2235","13799","6712","26166","20365","8656","2199","11709","4668","30156","21089","2.82","3.37","89296","82915","6381","2768","98","1096","247","306","1866","2.2","7.6","82915","49259","33656","138476","95040","2.81","2.82","0.75301076568","0.02819589862"
"2","0630600","Pittsburg Unified School District","67795115.0","8670771.0","+38.0027878","-121.8893695","55814","4427","4340","4207","4377","4304","4505","4006","3728","3731","3710","3734","3250","2504","1624","1251","892","648","576","27199","2175","2228","2154","2265","2191","2264","1932","1868","1853","1743","1754","1541","1129","736","547","376","236","207","28615","2252","2112","2053","2112","2113","2241","2074","1860","1878","1967","1980","1709","1375","888","704","516","412","369","32.1","30.8","33.4","41981","20205","21776","40254","19289","20965","37592","17931","19661","6399","2741","3658","4991","2102","2889","55814","51726","21155","10194","500","6692","795","410","4415","86","52","425","509","565","31","40","90","404","12620","4088","255","596","592","1082","24124","11658","1181","8109","961","14359","55814","25284","19352","805","87","5040","30530","55814","25284","9769","388","310","192","29","12472","2124","30530","11386","9806","190","6500","536","148","1964","55814","55541","17316","8374","18832","12651","7175","2521","869","3844","358","134","1475","273","138","54","84","135","58","77","17316","13019","6614","8374","4247","1317","620","3328","1747","4297","3205","1303","296","1902","771","7808","3779","3.21","3.64","18784","17316","1468","541","27","418","61","56","365","4.0","6.8","17316","9965","7351","31565","23976","3.17","3.26","0.47812085839","0.00784367023"
"3","0626370","Mount Diablo Unified School District","323423016.0","13062580.0","+37.9599832","-121.9825988","250501","15812","15359","15502","16344","14979","17475","16922","16752","17881","19929","19483","17178","14464","9841","7230","5774","4594","4982","123004","8077","7826","7881","8650","7926","8901","8625","8389","8871","9643","9472","8221","6832","4492","3231","2506","1807","1654","127497","7735","7533","7621","7694","7053","8574","8297","8363","9010","10286","10011","8957","7632","5349","3999","3268","2787","3328","38.9","37.2","40.5","200632","97567","103065","193786","93931","99855","184526","88987","95539","40711","17606","23105","32421","13690","18731","250501","235716","166464","9646","1476","31295","3841","7457","11173","1882","2150","1848","2944","1232","146","165","177","744","25603","14785","1715","5232","1403","3003","179329","12327","4163","38577","2435","29877","250501","61303","42898","1608","417","16380","189198","250501","61303","28896","629","767","580","118","24998","5315","189198","137568","9017","709","30715","1114","605","9470","250501","247874","93358","47263","71162","50261","17995","5131","3014","18096","989","961","6539","2627","1696","692","1004","931","514","417","93358","63071","28453","47263","21088","4896","2258","10912","5107","30287","22640","9283","2243","13357","6007","31355","23336","2.66","3.16","98607","93358","5249","2322","127","1018","183","298","1301","1.7","6.6","93358","60417","32941","158840","89034","2.63","2.7","1.09311260253","0.03449481007"
"4","0624030","Martinez Unified School District","107014536.0","3874716.0","+37.9776782","-122.1497129","28945","1438","1584","1682","1826","1804","1851","1868","1750","2160","2657","2727","2487","1830","1192","751","510","430","398","14516","720","801","836","983","982","973","940","905","1054","1306","1336","1250","938","572","360","240","178","142","14429","718","783","846","843","822","878","928","845","1106","1351","1391","1237","892","620","391","270","252","256","41.5","40.5","42.5","23861","11969","11892","23102","11559","11543","21998","10941","11057","4293","2017","2276","3281","1492","1789","28945","27134","22467","1022","237","1663","197","314","703","144","63","59","183","153","34","30","21","68","1592","1811","417","485","184","291","24083","1370","810","2368","323","2023","28945","4971","3592","157","59","1163","23974","28945","4971","2646","47","85","46","21","1535","591","23974","19821","975","152","1617","132","57","1220","28945","27905","11298","5308","7642","5237","1553","494","271","2104","95","91","915","1040","764","697","67","276","192","84","11298","7301","3128","5308","2146","580","298","1413","684","3997","3009","1320","232","1689","545","3452","2386","2.47","2.99","11991","11298","693","232","11","143","16","47","244","1.9","5.4","11298","7247","4051","18658","9247","2.57","2.28","0.64531388657","0.01137130653"
"5","0640740","Vallejo City Unified School District","107573629.0","64975445.0","+38.1132602","-122.2815836","119022","7804","7449","7495","8473","8539","8420","7510","7251","7699","8678","9261","8878","7277","4653","3222","2460","1953","2000","57864","3949","3797","3845","4432","4335","4254","3750","3487","3829","4124","4362","4228","3441","2188","1447","1059","699","638","61158","3855","3652","3650","4041","4204","4166","3760","3764","3870","4554","4899","4650","3836","2465","1775","1401","1254","1362","37.7","35.8","39.4","94660","45405","49255","91268","43653","47615","86014","40869","45145","18377","7931","10446","14288","6031","8257","119022","110097","39341","26126","798","29188","1157","1110","24684","291","239","599","1108","1290","135","466","297","392","13354","8925","684","1778","1296","1266","45504","29583","2559","33132","2519","15864","119022","27269","19494","934","193","6648","91753","119022","27269","9480","710","319","520","83","13046","3111","91753","29861","25416","479","28668","1207","308","5814","119022","117318","41577","18226","35356","22506","13771","4610","2153","8388","568","575","3395","1704","533","242","291","1171","801","370","41577","28484","12429","18226","7468","2850","1326","7408","3635","13093","10118","4453","1046","5665","2282","14810","10587","2.82","3.36","45644","41577","4067","1789","67","784","105","126","1196","3.1","9.5","41577","24667","16910","69541","47777","2.82","2.83","0.67854461081","0.01772626136"
"6","0618990","John Swett Unified School District","52791147.0","8760258.0","+38.0320857","-122.2234423","13888","758","823","881","967","825","966","839","854","950","1150","1174","1084","901","575","431","292","204","214","6748","378","447","443","505","428","463","395","414","443","560","572","504","442","271","190","128","95","70","7140","380","376","438","462","397","503","444","440","507","590","602","580","459","304","241","164","109","144","40.2","38.6","41.2","11208","5360","5848","10838","5177","5661","10265","4881","5384","2236","1002","1234","1716","754","962","13888","12880","6875","1971","92","2697","478","245","1481","54","32","60","347","95","23","6","23","43","1150","1008","142","205","146","146","7642","2303","331","3113","187","1441","13888","2953","2054","67","18","814","10935","13888","2953","1317","60","39","64","3","1115","355","10935","5558","1911","53","2633","92","35","653","13888","13847","5175","2379","4090","2587","1327","401","261","876","60","39","401","41","0","0","0","41","12","29","5175","3541","1501","2379","933","312","127","850","441","1634","1269","568","138","701","264","1721","1305","2.68","3.2","5668","5175","493","184","13","74","28","23","171","2.2","8.5","5175","3218","1957","8756","5091","2.72","2.6","0.40734521823","0.00631580616"
"7","0637530","South San Francisco Unified School District","29504967.0","38401263.0","+37.6551037","-122.3762342","77916","4568","4340","4456","4745","4969","5834","5886","5434","5446","5817","5885","5140","4704","3127","2489","1967","1582","1527","38342","2302","2218","2297","2544","2619","3006","3052","2753","2685","2855","2843","2451","2282","1370","1109","856","592","508","39574","2266","2122","2159","2201","2350","2828","2834","2681","2761","2962","3042","2689","2422","1757","1380","1111","990","1019","38.9","37.1","40.6","63611","31006","32605","61677","30015","31662","58855","28484","30371","13266","5712","7554","10692","4435","6257","77916","73351","26763","2048","420","32594","1091","9073","19126","578","463","511","1752","1306","76","46","438","746","10220","4565","269","1326","209","969","29980","2741","1019","35212","2096","11874","77916","23340","13820","660","116","8744","54576","77916","23340","10470","178","275","480","66","9870","2001","54576","16293","1870","145","32114","1240","350","2564","77916","77164","25544","13620","22358","13364","10038","2493","1966","5604","362","316","1557","752","75","27","48","677","332","345","25544","18701","7685","13620","5833","1537","532","3544","1320","6843","5229","2258","666","2971","1567","8986","7747","3.02","3.46","26634","25544","1090","414","23","208","40","100","305","1.3","4.1","25544","15867","9677","47825","29339","3.01","3.03","0.49788972554","0.0069333231"
"8","0640590","Vacaville Unified School District","268962817.0","1101476.0","+38.3825661","-121.9869787","77469","4972","5123","5395","5673","5357","5507","4743","4733","4997","6082","5962","5071","4405","2848","2127","1821","1352","1301","37679","2606","2630","2697","2839","2690","2825","2373","2317","2380","2917","2880","2358","2112","1378","903","794","528","452","39790","2366","2493","2698","2834","2667","2682","2370","2416","2617","3165","3082","2713","2293","1470","1224","1027","824","849","37.2","35.4","38.9","60877","29202","31675","58447","27992","30455","55266","26395","28871","12010","5290","6720","9449","4055","5394","77469","71830","54464","4940","739","4175","386","548","2141","377","192","211","320","441","131","150","79","81","7071","5639","798","1479","754","928","59311","6476","2011","6601","1055","8440","77469","18114","13906","698","134","3376","59355","77469","18114","8321","252","327","186","72","6950","2006","59355","46143","4688","412","3989","369","121","3633","77469","77235","28916","15109","23710","16838","4862","1802","691","4638","365","239","1949","234","185","58","127","49","33","16","28916","20316","9277","15109","6403","1541","850","3666","2024","8600","6772","2779","698","3993","1954","10357","6983","2.67","3.15","30608","28916","1692","772","35","359","89","98","339","1.9","6.7","28916","18152","10764","49186","28049","2.71","2.61","0.98172623038","0.02784630856"
"9","0602850","Antioch Unified School District","102836539.0","6313676.0","+37.9789846","-121.8066181","107036","7626","8031","8733","9110","7619","7196","6650","6980","7709","8422","7955","6474","4933","3248","2263","1685","1237","1165","52096","3802","4106","4489","4625","3863","3539","3167","3365","3600","4057","3871","3160","2338","1548","1002","729","471","364","54940","3824","3925","4244","4485","3756","3657","3483","3615","4109","4365","4084","3314","2595","1700","1261","956","766","801","33.9","32.5","35.1","80809","38800","42009","76980","36845","40135","71888","34238","37650","12361","5430","6931","9598","4114","5484","107036","98840","53421","18015","927","10636","971","1387","5763","224","215","721","1355","842","82","143","216","401","14999","8196","843","1701","1203","1733","59903","20750","2633","13722","1571","17673","107036","34020","24414","1285","184","8137","73016","107036","34020","14288","641","454","405","77","14732","3423","73016","39133","17374","473","10231","765","267","4773","107036","106360","33922","17855","36782","25354","11059","3993","1655","6742","634","286","2785","676","264","109","155","412","225","187","33922","26169","13298","17855","8766","2374","1178","5940","3354","7753","5749","2518","597","3231","1393","15320","7116","3.14","3.51","36645","33922","2723","1039","50","647","131","88","768","2.9","7.9","33922","21874","12048","67532","38828","3.09","3.22","0.54201726965","0.0111926424"
"10","0620220","La Honda-Pescadero Unified School District","352386446.0","195050772.0","+37.2256503","-122.2975334","3464","177","154","195","188","171","193","197","210","285","297","344","369","282","195","79","49","48","31","1848","97","66","94","117","106","113","94","107","149","151","187","186","156","107","45","29","28","16","1616","80","88","101","71","65","80","103","103","136","146","157","183","126","88","34","20","20","15","44.4","44.4","44.3","2909","1572","1337","2817","1509","1308","2721","1449","1272","556","306","250","402","225","177","3464","3306","2681","34","10","65","3","28","4","16","4","6","4","15","4","0","1","10","501","158","49","31","12","40","2835","55","72","98","26","551","3464","968","847","2","1","118","2496","3464","968","394","14","4","1","0","494","61","2496","2287","20","6","64","15","7","97","3464","3321","1388","667","728","534","182","50","26","356","18","24","141","143","12","12","0","131","100","31","1388","809","310","667","240","55","25","87","45","579","410","233","52","177","34","339","298","2.39","2.95","1703","1388","315","18","3","12","1","190","91","1.5","3.0","1388","813","575","1875","1446","2.31","2.51","1.30530111764","0.05558065087"
"11","0639630","Travis Unified School District","114770305.0","919128.0","+38.2822211","-121.9247148","29935","1686","1819","1911","2009","2711","2532","2399","2615","2811","2922","2382","1623","1089","588","350","210","125","153","18948","857","908","975","1089","1862","1696","1554","1707","1942","2042","1672","1108","736","359","201","114","65","61","10987","829","911","936","920","849","836","845","908","869","880","710","515","353","229","149","96","60","92","34.8","36.6","31.3","24116","16010","8106","23318","15592","7726","21931","14715","7216","1991","1171","820","1426","800","626","29935","27840","16023","5983","233","3359","297","229","2266","98","96","114","259","225","39","99","45","42","2017","2095","176","678","305","233","17740","6635","567","4470","525","2383","29935","5591","3708","331","64","1488","24344","29935","5591","3355","130","56","116","39","1355","540","24344","12668","5853","177","3243","186","662","1555","29935","21217","6668","4349","7898","6018","1364","487","268","938","110","29","358","8718","7810","7794","16","908","720","188","6668","5498","3269","4349","2570","351","210","798","489","1170","877","415","66","462","136","3520","829","3.18","3.48","7424","6668","756","182","2","130","11","10","421","2.8","7.6","6668","4472","2196","14162","7055","3.17","3.21","0.52806192271","0.01191169256"
"12","0622110","Livermore Valley Joint Unified School District","681358028.0","4477343.0","+37.6396925","-121.6633595","84627","5532","5937","6114","5971","4364","5003","5268","5940","7092","7931","7164","5209","4238","3085","1924","1565","1145","1145","42062","2839","3026","3070","3079","2295","2561","2642","2902","3463","3926","3709","2592","2067","1455","900","685","461","390","42565","2693","2911","3044","2892","2069","2442","2626","3038","3629","4005","3455","2617","2171","1630","1024","880","684","755","38.6","37.8","39.4","65722","32434","33288","63117","31106","32011","60154","29559","30595","11304","5091","6213","8864","3891","4973","84627","80160","63213","1757","483","7334","1797","1441","2327","395","380","406","588","280","91","66","50","73","7093","4467","608","1657","398","829","67237","2435","1350","9527","696","8253","84627","17322","13605","596","110","3011","67305","84627","17322","8259","142","227","166","46","6880","1602","67305","54954","1615","256","7168","234","213","2865","84627","84015","30358","17938","26246","19670","4729","1431","779","4744","343","208","1847","612","213","117","96","399","154","245","30358","22280","10902","17938","8648","1448","725","2894","1529","8078","6166","2834","578","3332","1585","11706","6286","2.77","3.2","31647","30358","1289","452","29","338","54","94","322","1.6","4.8","30358","21414","8944","59965","24050","2.8","2.69","1.65715584723","0.07002332693"
"13","0606780","Cabrillo Unified School District","277484637.0","196246317.0","+37.4377424","-122.4369267","25434","1613","1580","1648","1469","1220","1205","1244","1566","1825","2126","2320","2281","2005","1324","780","515","369","344","12536","819","801","850","736","668","612","619","802","882","994","1118","1113","1012","633","373","262","140","102","12898","794","779","798","733","552","593","625","764","943","1132","1202","1168","993","691","407","253","229","242","43.2","42.1","44.3","20278","9905","10373","19634","9599","10035","18894","9191","9703","4492","2088","2404","3332","1510","1822","25434","24425","19782","182","194","1024","78","255","334","177","36","39","105","25","0","6","2","17","3218","1009","148","364","75","224","20707","303","423","1480","122","3519","25434","6787","5785","85","25","892","18647","25434","6787","3038","35","139","24","1","3167","383","18647","16744","147","55","1000","24","51","626","25434","25198","9253","5383","6966","5037","1759","579","267","1837","155","136","621","236","121","55","66","115","70","45","9253","6414","2721","5383","2236","353","160","678","325","2839","2123","870","253","1253","607","2966","2459","2.72","3.2","9893","9253","640","82","12","68","29","305","144","1.0","3.2","9253","6772","2481","17906","7292","2.64","2.94","1.09859362509","0.04823199683"
"14","0611280","Dixon Unified School District","504149644.0","7565791.0","+38.4074835","-121.7998944","21340","1513","1661","1715","1807","1455","1413","1374","1408","1538","1675","1530","1257","1051","624","491","373","230","225","10637","773","845","914","954","773","686","673","651","783","816","750","618","537","281","234","166","103","80","10703","740","816","801","853","682","727","701","757","755","859","780","639","514","343","257","207","127","145","34.0","32.7","35.2","16057","7897","8160","15277","7498","7779","14327","6984","7343","2514","1146","1368","1943","864","1079","21340","20231","15255","586","204","735","89","113","325","77","28","35","68","71","16","22","16","17","3380","1109","125","289","141","293","16235","811","395","1177","174","3772","21340","8651","7759","118","35","739","12689","21340","8651","4610","64","89","37","12","3360","479","12689","10645","522","115","698","59","20","630","21340","21319","6887","4145","7521","5367","1668","592","269","1098","98","38","421","21","0","0","0","21","14","7","6887","5426","2827","4145","2078","407","227","874","522","1461","1092","459","101","633","267","3132","1413","3.1","3.46","7312","6887","425","114","12","86","20","28","165","1.9","4.5","6887","4470","2417","13703","7616","3.07","3.15","1.25963307708","0.05277812122"
"15","0637830","St. Helena Unified School District","737431432.0","80044093.0","+38.4937566","-122.4398255","9714","438","523","581","539","506","473","461","550","587","702","771","787","809","630","438","325","241","353","4648","208","260","288","270","274","239","243","281","267","338","354","370","365","300","226","160","88","117","5066","230","263","293","269","232","234","218","269","320","364","417","417","444","330","212","165","153","236","46.4","44.9","48.0","8045","3833","4212","7816","3709","4107","7534","3578","3956","2476","1120","1356","1987","891","1096","9714","9445","7722","47","65","174","22","23","58","27","14","3","27","11","4","5","0","2","1426","269","47","47","33","95","7963","89","131","242","32","1540","9714","2792","2422","25","7","338","6922","9714","2792","1201","12","36","3","1","1404","135","6922","6521","35","29","171","10","22","134","9714","9523","4069","2042","2305","1711","449","141","75","658","41","71","212","191","17","6","11","174","108","66","4069","2529","949","2042","696","160","86","327","167","1540","1257","451","160","806","437","1049","1476","2.34","2.9","5078","4069","1009","112","10","66","24","658","139","2.7","6.1","4069","2350","1719","5300","4223","2.26","2.46","2.61985081266","0.08453419467"
"16","0610620","Davis Joint Unified School District","329812934.0","5209834.0","+38.4946474","-121.6771343","74398","2733","3166","3546","9922","18550","5819","3881","3202","3514","3618","3671","3597","2921","1950","1405","1042","858","1003","35263","1396","1635","1812","4454","8632","2961","1949","1583","1681","1646","1721","1713","1409","878","645","468","338","342","39135","1337","1531","1734","5468","9918","2858","1932","1619","1833","1972","1950","1884","1512","1072","760","574","520","661","24.6","24.7","24.5","64206","30048","34158","62723","29277","33446","49903","23760","26143","7923","3495","4428","6258","2671","3587","74398","70352","47449","1696","372","17020","1917","7690","1215","1034","1814","1423","1927","145","25","26","19","75","3670","4046","427","2067","327","442","51078","2304","1079","19583","386","4364","74398","9318","6460","247","86","2525","65080","74398","9318","4403","124","190","164","16","3460","961","65080","43046","1572","182","16856","129","210","3085","74398","69047","27137","10426","13630","11084","1801","375","345","16053","110","119","1594","5351","277","138","139","5074","2236","2838","27137","13180","6366","10426","4912","751","347","2003","1107","13957","6421","2630","416","3791","1360","6650","4514","2.54","2.96","28329","27137","1192","562","63","116","33","213","205","1.0","3.5","27137","11673","15464","29998","39049","2.57","2.53","1.13954262491","0.0345970768"
"17","0626640","Napa Valley Unified School District","671487859.0","18463473.0","+38.3381868","-122.2763008","115531","7126","7497","7853","7953","6653","7424","7123","7366","8098","8533","8528","7780","6814","4933","3532","2993","2467","2858","57873","3696","3883","4035","4078","3590","3923","3674","3761","4011","4268","4280","3773","3387","2380","1667","1360","1063","1044","57658","3430","3614","3818","3875","3063","3501","3449","3605","4087","4265","4248","4007","3427","2553","1865","1633","1404","1814","39.2","37.7","40.5","91412","45458","45954","88055","43733","44322","83738","41420","42318","20774","9469","11305","16783","7514","9269","115531","110846","81304","2430","921","8595","628","776","5615","435","268","290","583","340","69","159","35","77","17256","4685","805","1103","370","1315","85394","3131","2073","10276","739","19003","115531","37496","33112","417","126","3841","78035","115531","37496","17442","198","452","218","50","17082","2054","78035","63862","2232","469","8377","290","174","2631","115531","111921","40713","21331","33366","23931","9064","2837","1347","7447","567","419","2671","3610","2754","2178","576","856","580","276","40713","27910","12886","21331","9520","2179","1082","4400","2284","12803","9946","3728","1181","6218","3218","14292","11553","2.75","3.28","44738","40713","4025","1182","67","606","133","1210","827","2.3","7.3","40713","25770","14943","69235","42686","2.69","2.86","2.15653861562","0.07109533799"
"18","0604620","Benicia Unified School District","81867840.0","12212544.0","+38.0927119","-122.1381052","27136","1297","1659","2029","2018","1274","1296","1336","1576","1907","2306","2592","2388","2075","1224","793","621","409","336","13061","656","859","1086","1035","659","627","619","717","850","1076","1238","1116","1014","555","385","292","159","118","14075","641","800","943","983","615","669","717","859","1057","1230","1354","1272","1061","669","408","329","250","218","42.9","41.8","43.9","21697","10248","11449","20787","9787","11000","19855","9275","10580","4583","2088","2495","3383","1509","1874","27136","25333","19647","1516","136","3036","250","505","1693","157","142","82","207","102","19","41","13","29","896","1803","256","614","236","172","21186","1978","554","3966","304","1177","27136","3252","2080","191","60","921","23884","27136","3252","1735","83","42","88","6","837","461","23884","17912","1433","94","2948","96","59","1342","27136","27110","10732","5699","8172","5818","1194","424","273","1313","106","97","688","26","0","0","0","26","9","17","10732","7455","3354","5699","2315","481","283","1275","756","3277","2636","1050","250","1586","643","3632","2543","2.53","3.02","11353","10732","621","207","22","151","27","64","150","1.9","6.1","10732","7567","3165","19590","7520","2.59","2.38","0.46406937573","0.00966219841"
"19.0","0613360","Fairfield-Suisun Unified School District","616201431.0","112832771.0","+38.2073034","-122.0296674","129381","9209","9179","9588","10046","9100","9075","8595","8409","8633","9774","9682","8050","6265","4202","3273","2606","1914","1781","63515","4781","4686","4924","5126","4640","4554","4247","4117","4184","4791","4625","3845","3042","1940","1462","1152","727","672","65866","4428","4493","4664","4920","4460","4521","4348","4292","4449","4983","5057","4205","3223","2262","1811","1454","1187","1109","34.9","33.5","36.3","99364","48111","51253","95169","45977","49192","89422","42977","46445","17367","7691","9676","13776","5953","7823","129381","117929","58712","21190","1042","19597","2020","1291","12071","745","470","937","2063","1408","152","654","218","384","15980","11452","890","2764","1851","1425","67420","25442","3117","24903","3077","18606","129381","34833","27030","1379","188","6236","94548","129381","34833","13639","755","501","497","108","15695","3638","94548","45073","20435","541","19100","1300","285","7814","129381","127751","42955","22821","41770","28813","12760","4554","2042","7445","710","363","2952","1630","1285","945","340","345","178","167","42955","32171","15385","22821","10513","2774","1355","6576","3517","10784","8398","3629","910","4769","2089","17719","10075","2.97","3.4","45842","42955","2887","1149","47","706","112","120","753","2.5","6.8","42955","27346","15609","80890","46861","2.96","3.0","2.26497970963","0.07498705754"
"19.1","0613360","Fairfield-Suisun Unified School District","616201431.0","112832771.0","+38.2073034","-122.0296674","129381","9209","9179","9588","10046","9100","9075","8595","8409","8633","9774","9682","8050","6265","4202","3273","2606","1914","1781","63515","4781","4686","4924","5126","4640","4554","4247","4117","4184","4791","4625","3845","3042","1940","1462","1152","727","672","65866","4428","4493","4664","4920","4460","4521","4348","4292","4449","4983","5057","4205","3223","2262","1811","1454","1187","1109","34.9","33.5","36.3","99364","48111","51253","95169","45977","49192","89422","42977","46445","17367","7691","9676","13776","5953","7823","129381","117929","58712","21190","1042","19597","2020","1291","12071","745","470","937","2063","1408","152","654","218","384","15980","11452","890","2764","1851","1425","67420","25442","3117","24903","3077","18606","129381","34833","27030","1379","188","6236","94548","129381","34833","13639","755","501","497","108","15695","3638","94548","45073","20435","541","19100","1300","285","7814","129381","127751","42955","22821","41770","28813","12760","4554","2042","7445","710","363","2952","1630","1285","945","340","345","178","167","42955","32171","15385","22821","10513","2774","1355","6576","3517","10784","8398","3629","910","4769","2089","17719","10075","2.97","3.4","45842","42955","2887","1149","47","706","112","120","753","2.5","6.8","42955","27346","15609","80890","46861","2.96","3.0","2.26497970963","0.07498705754"
"20","0633110","River Delta Joint Unified School District","879565534.0","73937831.0","+38.2150529","-121.6757975","15215","710","792","863","842","652","624","661","715","829","950","1100","1233","1521","1275","939","721","434","354","7748","374","415","427","457","376","345","344","361","424","492","534","635","744","640","469","347","222","142","7467","336","377","436","385","276","279","317","354","405","458","566","598","777","635","470","374","212","212","49.9","48.7","51.0","12666","6431","6235","12327","6260","6067","11870","5999","5871","4669","2285","2384","3723","1820","1903","15215","14587","11481","464","144","673","28","134","319","115","14","14","49","44","17","13","4","10","1781","628","144","149","39","150","12026","532","366","875","110","1985","15215","4133","3619","73","6","435","11082","15215","4133","2014","22","49","21","1","1754","272","11082","9467","442","95","652","43","27","356","15215","14954","6456","3369","3575","2535","860","260","168","694","50","97","356","261","113","113","0","148","99","49","6456","4156","1315","3369","971","299","133","488","211","2300","1948","933","367","1015","615","1474","2676","2.32","2.88","7525","6456","1069","221","8","131","32","391","286","2.8","9.9","6456","4449","2007","9396","5558","2.11","2.77","2.18684200757","0.09809470013"
"21","0637200","Sonoma Valley Unified School District","310515952.0","1982566.0","+38.2898420","-122.4725710","39154","2031","2234","2255","2166","1775","2088","2105","2174","2367","2751","3141","3339","3201","2348","1618","1203","1110","1248","18968","1026","1117","1164","1138","993","1077","1085","1140","1171","1331","1487","1543","1456","1060","780","531","465","404","20186","1005","1117","1091","1028","782","1011","1020","1034","1196","1420","1654","1796","1745","1288","838","672","645","844","45.7","43.1","47.8","32189","15455","16734","31291","14966","16325","30114","14327","15787","9415","4102","5313","7527","3240","4287","39154","37930","31724","236","266","825","59","154","214","124","48","11","215","90","30","5","5","50","4789","1224","271","239","126","383","32844","431","605","1150","171","5260","39154","10471","9317","105","27","1022","28683","39154","10471","4945","54","143","43","6","4728","552","28683","26779","182","123","782","84","61","672","39154","38146","16145","7540","9646","7088","2137","632","288","2678","137","220","1168","1008","873","463","410","135","66","69","16145","9652","3943","7540","2871","734","377","1378","695","6493","5182","1855","653","3327","1793","4278","5513","2.36","3.0","18295","16145","2150","402","50","225","49","1094","330","2.2","6.1","16145","9968","6177","22472","15674","2.25","2.54","1.02985094246","0.03217974331"
"22","0636670","Shoreline Unified School District","601067219.0","436932829.0","+38.1855185","-122.9483727","6064","228","267","251","259","212","251","295","290","380","418","477","606","767","507","354","219","144","139","2924","101","129","130","126","101","133","142","145","191","200","222","277","358","244","179","115","72","59","3140","127","138","121","133","111","118","153","145","189","218","255","329","409","263","175","104","72","80","52.1","51.3","52.6","5260","2538","2722","5151","2489","2662","5005","2418","2587","1840","889","951","1363","669","694","6064","5888","5239","34","31","84","10","22","10","28","8","1","5","9","1","0","1","7","491","176","68","42","11","30","5404","54","109","134","21","528","6064","1002","842","30","11","119","5062","6064","1002","447","8","12","2","1","481","51","5062","4792","26","19","82","8","10","125","6064","6020","2871","1365","1179","850","184","54","27","421","9","41","224","44","0","0","0","44","23","21","2871","1612","489","1365","377","95","44","152","68","1259","987","438","146","549","239","521","1006","2.1","2.69","4639","2871","1768","151","7","52","16","1409","133","3.0","11.3","2871","1690","1181","3412","2608","2.02","2.21","2.39868956289","0.10672439138"
"23","0609940","Cotati-Rohnert Park Unified School District","37657995.0","29015.0","+38.3392564","-122.7071204","52116","2786","2845","2965","5093","6795","3976","3284","2961","3298","3832","3753","3307","2559","1482","1043","748","657","732","25040","1393","1447","1529","2289","3240","2025","1721","1491","1652","1812","1789","1568","1208","655","468","291","242","220","27076","1393","1398","1436","2804","3555","1951","1563","1470","1646","2020","1964","1739","1351","827","575","457","415","512","32.3","31.6","33.0","42897","20355","22542","41603","19657","21946","36700","17613","19087","6102","2553","3549","4662","1876","2786","52116","49193","40313","952","507","2609","347","510","643","230","210","217","452","217","46","12","45","114","4595","2923","529","787","407","545","42988","1592","1259","3708","508","5297","52116","10833","8465","301","80","1987","41283","52116","10833","4947","61","231","80","18","4507","989","41283","35366","891","276","2529","199","88","1934","52116","49574","19482","8098","13256","9319","2865","934","424","5873","217","137","1712","2542","210","66","144","2332","812","1520","19482","11531","5410","8098","3558","1109","603","2324","1249","7951","5175","2188","429","2987","1219","5964","3725","2.54","3.1","20433","19482","951","450","33","224","17","65","162","2.0","4.9","19482","10736","8746","28349","21225","2.64","2.43","0.31887426579","0.00388340344"
"24","0627720","Novato Unified School District","153709770.0","65644372.0","+38.0982314","-122.5402875","58596","3337","3773","3685","3382","2586","2849","3056","3575","4398","4737","4782","4696","4247","3197","2126","1624","1167","1379","28370","1727","1958","1865","1816","1398","1447","1504","1733","2087","2272","2250","2189","1932","1552","962","731","485","462","30226","1610","1815","1820","1566","1188","1402","1552","1842","2311","2465","2532","2507","2315","1645","1164","893","682","917","43.5","41.8","45.0","47043","22436","24607","45543","21634","23909","43863","20696","23167","11958","5288","6670","9493","4192","5301","58596","55886","45416","1470","308","3680","614","1146","634","338","252","309","387","124","36","16","15","57","4888","2710","265","944","347","590","47842","2040","824","4889","297","5664","58596","11690","6301","278","80","5031","46906","58596","11690","5694","104","188","65","14","4693","932","46906","39722","1366","120","3615","110","195","1778","58596","57967","23010","12025","16167","12051","2934","791","519","3831","205","293","1374","629","177","66","111","452","256","196","23010","15413","6903","12025","5179","967","471","2421","1253","7597","5943","2202","730","3741","1955","7399","6932","2.52","3.02","24049","23010","1039","344","27","168","35","154","311","1.0","4.6","23010","15902","7108","38939","19028","2.45","2.68","0.9225760346","0.02252907894"
"25","0634710","San Lorenzo Unified School District","28573309.0","14932017.0","+37.6671133","-122.1485865","77309","5335","5222","5261","5546","5155","5541","5521","5483","5433","5711","5710","4744","3771","2467","1886","1610","1451","1462","37769","2752","2632","2673","2937","2547","2719","2721","2712","2686","2789","2821","2284","1751","1158","811","689","549","538","39540","2583","2590","2588","2609","2608","2822","2800","2771","2747","2922","2889","2460","2020","1309","1075","921","902","924","36.0","34.8","37.1","60382","29099","31283","58092","27888","30204","54873","26235","28638","10928","4692","6236","8876","3745","5131","77309","72688","30813","8823","706","17519","571","7477","5946","393","279","1846","1007","757","74","122","175","386","14070","4621","451","869","497","1109","34320","10092","1627","19265","1319","15832","77309","28334","21442","1014","97","5781","48975","77309","28334","11015","362","453","274","69","13912","2249","48975","19798","8461","253","17245","688","158","2372","77309","76317","25344","12148","24276","16171","9301","2598","1547","5248","397","241","1835","992","586","343","243","406","258","148","25344","18312","8828","12148","5919","1819","761","4345","2148","7032","5406","2304","622","3102","1478","10120","6584","3.01","3.5","26631","25344","1287","543","23","222","68","60","371","1.5","4.7","25344","14384","10960","43256","33061","3.01","3.02","0.49658959552","0.00444278409"
"26","0634680","San Leandro Unified School District","30042922.0","6008879.0","+37.7069168","-122.1659697","68320","4379","4217","4100","4231","4054","4784","4742","4976","4970","5300","5253","4550","3805","2449","1813","1549","1428","1720","32804","2170","2137","2069","2229","2085","2334","2341","2361","2444","2545","2529","2146","1766","1148","775","645","529","551","35516","2209","2080","2031","2002","1969","2450","2401","2615","2526","2755","2724","2404","2039","1301","1038","904","899","1169","38.8","37.3","40.0","54729","25951","28778","53019","25075","27944","50627","23775","26852","11038","4630","6408","8959","3648","5311","68320","64429","25611","9306","540","18778","524","8214","6172","378","431","1970","1089","535","70","138","139","188","9659","3891","297","871","484","788","28525","10526","1249","20425","964","11001","68320","19401","14405","702","96","4198","48919","68320","19401","7279","342","330","209","38","9490","1713","48919","18332","8964","210","18569","497","169","2178","68320","67700","25134","11125","19707","13038","7406","1947","1384","4328","294","234","1785","620","368","108","260","252","118","134","25134","16374","7465","11125","5130","1557","617","3692","1718","8760","7048","2980","719","4068","1741","8490","6691","2.69","3.34","26600","25134","1466","697","36","209","52","67","405","1.5","5.7","25134","13554","11580","38567","29133","2.85","2.52","0.40492149601","0.00368353181"
"27","0630330","Piedmont City Unified School District","4344954.0","0.0","+37.8225578","-122.2300942","10667","516","873","1017","792","270","226","170","419","823","935","1006","1035","946","569","352","282","220","216","5188","281","435","534","416","139","111","70","178","377","438","456","519","479","275","154","136","103","87","5479","235","438","483","376","131","115","100","241","446","497","550","516","467","294","198","146","117","129","46.2","45.6","46.7","8053","3823","4230","7650","3619","4031","7433","3504","3929","2166","1031","1135","1639","755","884","10667","10113","7917","144","6","1939","107","1283","85","150","142","52","120","13","3","4","3","3","94","554","15","384","57","16","8435","252","54","2374","27","126","10667","421","210","9","11","191","10246","10667","421","285","8","2","15","2","39","70","10246","7632","136","4","1924","11","55","484","10667","10664","3801","2738","3603","2943","236","58","82","286","15","31","105","3","0","0","0","3","3","0","3801","3117","1569","2738","1342","119","72","260","155","684","578","159","70","419","274","1606","1151","2.81","3.11","3924","3801","123","17","3","16","12","17","58","0.5","3.7","3801","3358","443","9393","1271","2.8","2.87","0.09444552866","0.00044462205"
"28","0628050","Oakland Unified School District","144883555.0","57539591.0","+37.7698573","-122.2256401","390785","26101","22994","20826","22464","27021","33905","34104","32181","28971","26860","26106","24649","21037","13692","9545","7366","6112","6851","189551","13397","11709","10500","11296","13228","16317","16666","16037","14601","13318","12624","11594","9857","6326","4332","3164","2359","2226","201234","12704","11285","10326","11168","13793","17588","17438","16144","14370","13542","13482","13055","11180","7366","5213","4202","3753","4625","36.2","35.5","36.9","316575","151765","164810","307660","147249","160411","293539","140259","153280","55188","23817","31371","43566","18407","25159","390785","368901","134939","109497","3040","65819","2114","34090","6070","2032","2446","8766","10301","2222","168","142","238","1674","53384","21884","1598","4575","3752","3691","151181","119153","8324","73785","3574","59666","390785","99078","70808","2736","862","24672","291707","390785","99078","33619","2834","1826","684","141","52171","7803","291707","101320","106663","1214","65135","2081","1213","14081","390785","382647","153816","50804","99772","68545","39310","12286","4605","38945","1831","1372","14732","8138","2463","1574","889","5675","3070","2605","153816","83731","38618","50804","22818","8800","3627","24127","12173","70085","52112","22984","4559","29128","9221","44764","33618","2.49","3.27","169737","153816","15921","8419","302","1979","493","633","4095","3.0","8.5","153816","63153","90663","166699","215948","2.64","2.38","1.25996331852","0.02069960447"
"28.ring1","0628050","Oakland Unified School District","144883555.0","57539591.0","+37.7698573","-122.2256401","390785","26101","22994","20826","22464","27021","33905","34104","32181","28971","26860","26106","24649","21037","13692","9545","7366","6112","6851","189551","13397","11709","10500","11296","13228","16317","16666","16037","14601","13318","12624","11594","9857","6326","4332","3164","2359","2226","201234","12704","11285","10326","11168","13793","17588","17438","16144","14370","13542","13482","13055","11180","7366","5213","4202","3753","4625","36.2","35.5","36.9","316575","151765","164810","307660","147249","160411","293539","140259","153280","55188","23817","31371","43566","18407","25159","390785","368901","134939","109497","3040","65819","2114","34090","6070","2032","2446","8766","10301","2222","168","142","238","1674","53384","21884","1598","4575","3752","3691","151181","119153","8324","73785","3574","59666","390785","99078","70808","2736","862","24672","291707","390785","99078","33619","2834","1826","684","141","52171","7803","291707","101320","106663","1214","65135","2081","1213","14081","390785","382647","153816","50804","99772","68545","39310","12286","4605","38945","1831","1372","14732","8138","2463","1574","889","5675","3070","2605","153816","83731","38618","50804","22818","8800","3627","24127","12173","70085","52112","22984","4559","29128","9221","44764","33618","2.49","3.27","169737","153816","15921","8419","302","1979","493","633","4095","3.0","8.5","153816","63153","90663","166699","215948","2.64","2.38","1.25996331852","0.02069960447"
"29","0627060","Newark Unified School District","36113646.0","60530.0","+37.5041413","-122.0323587","42573","3142","2929","2860","2951","2741","3128","3249","3208","3112","3243","3030","2469","1985","1477","1206","866","571","406","21217","1662","1518","1478","1480","1442","1593","1631","1576","1546","1635","1483","1217","965","688","541","374","238","150","21356","1480","1411","1382","1471","1299","1535","1618","1632","1566","1608","1547","1252","1020","789","665","492","333","256","35.4","34.4","36.5","33041","16246","16795","31774","15625","16149","30154","14801","15353","5652","2528","3124","4526","1991","2535","42573","39774","17566","2002","279","11571","2500","2612","4054","252","261","980","912","621","31","56","119","415","7735","2799","172","911","176","522","19685","2426","647","13163","1141","8630","42573","14994","12221","352","56","2365","27579","42573","14994","5840","94","184","167","20","7634","1055","27579","11726","1908","95","11404","601","101","1744","42573","42428","12972","7832","13743","8966","5313","1620","892","2568","203","114","752","145","0","0","0","145","66","79","12972","10334","4862","7832","3825","786","300","1716","737","2638","1942","834","182","1108","523","5643","3282","3.27","3.6","13414","12972","442","170","7","92","20","17","136","1.0","4.0","12972","8942","4030","28489","13939","3.19","3.46","0.31310824881","0.00368693696"
"30","0626910","New Haven Unified School District","73698986.0","11932926.0","+37.5942745","-122.0601224","74171","5103","4871","4888","5205","4941","5408","5460","5439","5387","5318","5228","4747","4050","2621","1996","1379","1056","1074","36646","2665","2535","2575","2739","2549","2685","2684","2661","2693","2591","2558","2230","1925","1262","938","581","386","389","37525","2438","2336","2313","2466","2392","2723","2776","2778","2694","2727","2670","2517","2125","1359","1058","798","670","685","36.1","34.8","37.3","58202","28309","29893","56083","27195","28888","53138","25626","27512","10453","4644","5809","8126","3556","4570","74171","69208","18609","4760","367","35952","8032","7718","14272","398","656","2605","2271","927","107","97","147","576","8593","4963","218","1823","330","685","22151","5619","927","39144","1639","10117","74171","18301","14644","692","61","2904","55870","74171","18301","7484","229","240","324","55","8443","1526","55870","11125","4531","127","35628","872","150","3437","74171","73627","21730","13482","23911","15027","10393","2708","2303","4111","326","269","1076","544","96","34","62","448","178","270","21730","17712","8342","13482","6637","1269","432","2961","1273","4018","2931","1257","294","1674","794","9656","5801","3.39","3.7","22599","21730","869","396","12","227","40","42","152","1.5","5.2","21730","14553","7177","49635","23992","3.41","3.34","0.730029541","0.00873636785"
"31","0616740","Hayward Unified School District","83910691.0","20933417.0","+37.6374577","-122.1021131","165923","12280","11118","10506","11367","13001","14178","13092","11862","11244","11502","11025","9710","7706","5170","3809","3026","2570","2757","81786","6261","5607","5365","5703","6673","7210","6629","5993","5753","5672","5350","4698","3663","2426","1637","1222","999","925","84137","6019","5511","5141","5664","6328","6968","6463","5869","5491","5830","5675","5012","4043","2744","2172","1804","1571","1832","33.9","32.9","35.0","129961","63470","66491","125609","61290","64319","118015","57522","60493","21737","9319","12418","17332","7209","10123","165923","154008","59624","20778","1628","33896","4435","6207","15871","860","765","3593","2165","4942","295","293","764","3590","33140","11915","752","2325","1021","2721","67847","23654","3525","39173","7329","37626","165923","65733","48770","2556","271","14136","100190","165923","65733","24774","961","1040","660","287","32749","5262","100190","34850","19817","588","33236","4655","391","6653","165923","162626","53318","24957","50059","33245","20921","6120","3085","13371","860","517","4181","3297","1117","437","680","2180","1005","1175","53318","37676","17978","24957","12054","3897","1602","8822","4322","15642","11456","5097","1209","6359","2717","21000","12553","3.05","3.55","56790","53318","3472","1803","76","622","168","118","685","2.2","6.6","53318","27682","25636","84814","77812","3.06","3.04","0.69431341732","0.01070249438"
"32","0614400","Fremont Unified School District","200392725.0","26291598.0","+37.4943734","-121.9411173","214089","15261","15305","14182","13031","11047","14393","17174","18413","16964","17618","16110","12774","10008","6761","5333","4060","2879","2776","106441","7868","7796","7330","6938","5833","6842","8222","9365","8637","8835","8180","6291","4848","3167","2345","1830","1156","958","107648","7393","7509","6852","6093","5214","7551","8952","9048","8327","8783","7930","6483","5160","3594","2988","2230","1723","1818","36.8","36.3","37.3","166637","81977","84660","160873","78965","81908","154204","75359","78845","27436","12165","15271","21809","9456","12353","214089","201505","70320","7103","976","108332","38711","38118","14285","1716","3059","5249","7194","1169","195","238","166","570","13605","12584","766","5626","758","1559","80195","8842","2463","116755","2514","16895","214089","31698","23600","1241","165","6692","182391","214089","31698","13554","360","518","653","105","13217","3291","182391","56766","6743","458","107679","1064","388","9293","214089","212438","71004","45121","66677","48567","19463","4004","5500","10173","584","474","3223","1651","682","272","410","969","475","494","71004","55573","28873","45121","24388","3382","1268","7070","3217","15431","11576","5279","1002","6297","2695","31070","15514","2.99","3.36","73989","71004","2985","1250","73","587","195","233","647","1.3","4.5","71004","44463","26541","136606","75832","3.07","2.86","1.15887527955","0.02310538994"
"32.ring1","0614400","Fremont Unified School District","200392725.0","26291598.0","+37.4943734","-121.9411173","214089","15261","15305","14182","13031","11047","14393","17174","18413","16964","17618","16110","12774","10008","6761","5333","4060","2879","2776","106441","7868","7796","7330","6938","5833","6842","8222","9365","8637","8835","8180","6291","4848","3167","2345","1830","1156","958","107648","7393","7509","6852","6093","5214","7551","8952","9048","8327","8783","7930","6483","5160","3594","2988","2230","1723","1818","36.8","36.3","37.3","166637","81977","84660","160873","78965","81908","154204","75359","78845","27436","12165","15271","21809","9456","12353","214089","201505","70320","7103","976","108332","38711","38118","14285","1716","3059","5249","7194","1169","195","238","166","570","13605","12584","766","5626","758","1559","80195","8842","2463","116755","2514","16895","214089","31698","23600","1241","165","6692","182391","214089","31698","13554","360","518","653","105","13217","3291","182391","56766","6743","458","107679","1064","388","9293","214089","212438","71004","45121","66677","48567","19463","4004","5500","10173","584","474","3223","1651","682","272","410","969","475","494","71004","55573","28873","45121","24388","3382","1268","7070","3217","15431","11576","5279","1002","6297","2695","31070","15514","2.99","3.36","73989","71004","2985","1250","73","587","195","233","647","1.3","4.5","71004","44463","26541","136606","75832","3.07","2.86","1.15887527955","0.02310538994"
"33","0612630","Emery Unified School District","3227550.0","1979141.0","+37.8388747","-122.2978564","10080","424","252","234","281","904","1503","1434","1038","700","657","609","540","498","351","263","181","111","100","4983","225","108","100","135","490","736","720","539","374","340","300","249","220","154","134","79","49","31","5097","199","144","134","146","414","767","714","499","326","317","309","291","278","197","129","102","62","69","35.0","34.8","35.2","9139","4533","4606","9049","4498","4551","8771","4347","4424","1294","572","722","1006","447","559","10080","9437","4490","1764","44","2775","424","967","399","159","415","120","291","16","6","4","1","5","348","643","36","231","98","35","4960","2011","174","3144","58","450","10080","927","554","66","23","284","9153","10080","927","433","31","25","19","0","304","115","9153","4057","1733","19","2756","16","44","528","10080","10007","5694","1240","1240","908","470","97","62","1363","23","20","600","73","0","0","0","73","41","32","5694","1835","615","1240","355","160","56","435","204","3859","2871","1390","204","1481","326","692","866","1.76","2.61","6646","5694","952","421","26","207","17","89","192","9.3","10.2","5694","2013","3681","3365","6642","1.67","1.8","0.13022858788","0.00053292275"
"34","0607800","Castro Valley Unified School District","177006696.0","4447096.0","+37.7198152","-122.0463410","49397","2553","3118","3607","3737","2398","2129","2518","3100","3691","4353","4531","3870","3080","1909","1458","1189","1017","1139","23982","1367","1579","1794","1998","1250","1052","1136","1413","1734","2112","2236","1901","1503","937","671","512","406","381","25415","1186","1539","1813","1739","1148","1077","1382","1687","1957","2241","2295","1969","1577","972","787","677","611","758","42.1","41.1","43.0","39304","18799","20505","37619","17898","19721","35861","16968","18893","8454","3748","4706","6712","2907","3805","49397","46351","29534","2381","253","11670","971","6386","1592","461","892","560","808","289","41","33","23","192","2224","3046","356","1163","333","399","32180","3026","849","13286","616","2837","49397","7377","4656","455","65","2201","42020","49397","7377","3913","144","122","139","27","2095","937","42020","25621","2237","131","11531","262","129","2109","49397","48690","17777","10385","15308","10724","2968","664","786","2252","146","157","948","707","498","284","214","209","100","109","17777","13297","6191","10385","4772","860","408","2052","1011","4480","3540","1442","433","2098","1078","6628","4764","2.74","3.16","18523","17777","746","227","12","172","56","55","224","1.3","4.7","17777","13158","4619","36367","12323","2.76","2.67","1.01563560385","0.01854384453"
"35","0604740","Berkeley Unified School District","27108573.0","18715587.0","+37.8667016","-122.2990661","112517","4131","3792","3609","11795","20824","10296","7390","6415","6103","6113","6134","6408","6338","4581","2890","2043","1683","1972","55002","2186","1955","1828","5456","10423","5434","3738","3200","3094","2981","2971","3064","2991","2131","1348","904","644","654","57515","1945","1837","1781","6339","10401","4862","3652","3215","3009","3132","3163","3344","3347","2450","1542","1139","1039","1318","31.0","30.2","32.0","100204","48638","51566","98654","47855","50799","83453","40898","42555","16865","7421","9444","13169","5681","7488","112517","105529","66981","11208","479","21690","2712","9641","1640","1752","2392","1110","2443","186","30","30","43","83","4985","6988","570","3098","958","533","72930","13280","1834","25706","577","6050","112517","12198","7672","519","248","3759","100319","112517","12198","5456","345","251","191","16","4482","1457","100319","61525","10863","228","21499","170","503","5531","112517","99668","46003","13563","16709","12532","3781","985","578","19612","214","494","3890","12849","419","174","245","12430","6357","6073","46003","18780","7782","13563","5431","1367","544","3850","1807","27223","16893","7836","1532","9057","3044","8462","10193","2.17","2.81","49426","46003","3423","1272","130","194","112","387","1328","1.0","4.5","46003","18835","27168","45061","54607","2.39","2.01","0.38494523309","0.00469194855"
"36.0","0635430","Santa Clara Unified School District","100750761.0","3805612.0","+37.4016881","-121.9733927","143808","11228","8371","6669","7879","10248","13601","15513","13020","10373","9780","9162","7437","6052","4206","3381","2623","2163","2102","72459","5743","4277","3435","4013","5298","6633","8134","7074","5497","5098","4633","3603","2833","1928","1530","1098","869","763","71349","5485","4094","3234","3866","4950","6968","7379","5946","4876","4682","4529","3834","3219","2278","1851","1525","1294","1339","34.5","34.2","34.8","116249","58345","57904","113648","57006","56642","107477","53850","53627","17896","7793","10103","14475","6188","8287","143808","136246","63738","4060","773","54626","19935","11075","8450","2306","3931","5575","3354","742","106","123","169","344","12307","7562","526","2807","590","1345","69729","5290","1793","59056","1455","14705","143808","28310","21548","583","238","5941","115498","143808","28310","12790","280","454","428","62","11867","2429","115498","50948","3780","319","54198","680","440","5133","143808","140611","54083","27285","36856","27084","11213","2675","2116","11174","344","401","3097","3197","339","161","178","2858","1344","1514","54083","35018","16361","27285","13287","2558","915","5175","2159","19065","13965","7019","1095","6946","2522","17751","10751","2.6","3.15","56770","54083","2687","1398","62","346","82","235","564","1.3","4.7","54083","25515","28568","68082","72529","2.67","2.54","1.01283575824","0.01063993109"
"36.1","0635430","Santa Clara Unified School District","100750761.0","3805612.0","+37.4016881","-121.9733927","143808","11228","8371","6669","7879","10248","13601","15513","13020","10373","9780","9162","7437","6052","4206","3381","2623","2163","2102","72459","5743","4277","3435","4013","5298","6633","8134","7074","5497","5098","4633","3603","2833","1928","1530","1098","869","763","71349","5485","4094","3234","3866","4950","6968","7379","5946","4876","4682","4529","3834","3219","2278","1851","1525","1294","1339","34.5","34.2","34.8","116249","58345","57904","113648","57006","56642","107477","53850","53627","17896","7793","10103","14475","6188","8287","143808","136246","63738","4060","773","54626","19935","11075","8450","2306","3931","5575","3354","742","106","123","169","344","12307","7562","526","2807","590","1345","69729","5290","1793","59056","1455","14705","143808","28310","21548","583","238","5941","115498","143808","28310","12790","280","454","428","62","11867","2429","115498","50948","3780","319","54198","680","440","5133","143808","140611","54083","27285","36856","27084","11213","2675","2116","11174","344","401","3097","3197","339","161","178","2858","1344","1514","54083","35018","16361","27285","13287","2558","915","5175","2159","19065","13965","7019","1095","6946","2522","17751","10751","2.6","3.15","56770","54083","2687","1398","62","346","82","235","564","1.3","4.7","54083","25515","28568","68082","72529","2.67","2.54","1.01283575824","0.01063993109"
"36.2","0635430","Santa Clara Unified School District","100750761.0","3805612.0","+37.4016881","-121.9733927","143808","11228","8371","6669","7879","10248","13601","15513","13020","10373","9780","9162","7437","6052","4206","3381","2623","2163","2102","72459","5743","4277","3435","4013","5298","6633","8134","7074","5497","5098","4633","3603","2833","1928","1530","1098","869","763","71349","5485","4094","3234","3866","4950","6968","7379","5946","4876","4682","4529","3834","3219","2278","1851","1525","1294","1339","34.5","34.2","34.8","116249","58345","57904","113648","57006","56642","107477","53850","53627","17896","7793","10103","14475","6188","8287","143808","136246","63738","4060","773","54626","19935","11075","8450","2306","3931","5575","3354","742","106","123","169","344","12307","7562","526","2807","590","1345","69729","5290","1793","59056","1455","14705","143808","28310","21548","583","238","5941","115498","143808","28310","12790","280","454","428","62","11867","2429","115498","50948","3780","319","54198","680","440","5133","143808","140611","54083","27285","36856","27084","11213","2675","2116","11174","344","401","3097","3197","339","161","178","2858","1344","1514","54083","35018","16361","27285","13287","2558","915","5175","2159","19065","13965","7019","1095","6946","2522","17751","10751","2.6","3.15","56770","54083","2687","1398","62","346","82","235","564","1.3","4.7","54083","25515","28568","68082","72529","2.67","2.54","1.01283575824","0.01063993109"
"36.3","0635430","Santa Clara Unified School District","100750761.0","3805612.0","+37.4016881","-121.9733927","143808","11228","8371","6669","7879","10248","13601","15513","13020","10373","9780","9162","7437","6052","4206","3381","2623","2163","2102","72459","5743","4277","3435","4013","5298","6633","8134","7074","5497","5098","4633","3603","2833","1928","1530","1098","869","763","71349","5485","4094","3234","3866","4950","6968","7379","5946","4876","4682","4529","3834","3219","2278","1851","1525","1294","1339","34.5","34.2","34.8","116249","58345","57904","113648","57006","56642","107477","53850","53627","17896","7793","10103","14475","6188","8287","143808","136246","63738","4060","773","54626","19935","11075","8450","2306","3931","5575","3354","742","106","123","169","344","12307","7562","526","2807","590","1345","69729","5290","1793","59056","1455","14705","143808","28310","21548","583","238","5941","115498","143808","28310","12790","280","454","428","62","11867","2429","115498","50948","3780","319","54198","680","440","5133","143808","140611","54083","27285","36856","27084","11213","2675","2116","11174","344","401","3097","3197","339","161","178","2858","1344","1514","54083","35018","16361","27285","13287","2558","915","5175","2159","19065","13965","7019","1095","6946","2522","17751","10751","2.6","3.15","56770","54083","2687","1398","62","346","82","235","564","1.3","4.7","54083","25515","28568","68082","72529","2.67","2.54","1.01283575824","0.01063993109"
"37","0601860","Albany City Unified School District","4634414.0","9523710.0","+37.8886213","-122.3256618","18549","1410","1326","1207","959","736","1276","1684","1675","1523","1394","1243","1180","1087","614","357","326","245","307","8826","715","656","627","502","365","607","799","823","703","667","552","531","492","273","172","134","88","120","9723","695","670","580","457","371","669","885","852","820","727","691","649","595","341","185","192","157","187","37.0","35.8","38.2","14358","6690","7668","13917","6473","7444","13529","6265","7264","2438","1053","1385","1849","787","1062","18549","17305","10135","648","88","5790","340","2933","219","557","1042","87","612","37","13","4","4","16","607","1244","107","619","149","111","11253","941","292","6568","81","791","18549","1891","1017","59","32","783","16658","18549","1891","992","24","44","36","5","502","288","16658","9143","624","44","5754","32","105","956","18549","18464","7405","3805","5390","4444","770","158","210","1094","28","51","464","85","11","9","2","74","45","29","7405","4983","2808","3805","2119","295","158","883","531","2422","1862","738","181","1124","412","2911","1454","2.49","3.0","7893","7405","488","253","21","37","16","43","118","1.0","6.2","7405","3578","3827","9080","9384","2.54","2.45","0.21834174285","0.00145003228"
"38","0634590","San Jose Unified School District","126949369.0","1703332.0","+37.2697945","-121.8739532","251156","17025","16038","14756","16411","19789","19991","19034","19120","19412","19278","17389","14166","11755","8574","6178","4761","3674","3805","128041","8789","8198","7503","8499","10698","10667","9899","9862","10117","10102","9029","7103","5744","3979","2836","2148","1461","1407","123115","8236","7840","7253","7912","9091","9324","9135","9258","9295","9176","8360","7063","6011","4595","3342","2613","2213","2398","35.7","34.9","36.5","200375","102032","98343","194273","98860","95413","183004","92910","90094","33780","15134","18646","26992","11831","15161","251156","237192","144694","8508","2680","41456","6876","11310","6190","3305","2868","8078","2829","876","167","154","244","311","38978","13964","1436","4894","1046","3230","156551","10674","5144","48275","1942","43681","251156","87206","73450","1480","418","11858","163950","251156","87206","39220","726","1914","793","124","38309","6120","163950","105474","7782","766","40663","752","669","7844","251156","243068","89017","42620","68781","49845","20299","5718","3161","22351","1078","707","6711","8088","1768","1581","187","6320","3607","2713","89017","57958","27732","42620","20476","5043","2183","10295","5073","31059","21984","10451","1973","11533","4591","30549","19793","2.73","3.27","93957","89017","4940","2179","102","1272","195","290","902","2.5","5.1","89017","48650","40367","133601","109467","2.75","2.71","1.44493778093","0.01306961076"
"38.ring1","0634590","San Jose Unified School District","126949369.0","1703332.0","+37.2697945","-121.8739532","251156","17025","16038","14756","16411","19789","19991","19034","19120","19412","19278","17389","14166","11755","8574","6178","4761","3674","3805","128041","8789","8198","7503","8499","10698","10667","9899","9862","10117","10102","9029","7103","5744","3979","2836","2148","1461","1407","123115","8236","7840","7253","7912","9091","9324","9135","9258","9295","9176","8360","7063","6011","4595","3342","2613","2213","2398","35.7","34.9","36.5","200375","102032","98343","194273","98860","95413","183004","92910","90094","33780","15134","18646","26992","11831","15161","251156","237192","144694","8508","2680","41456","6876","11310","6190","3305","2868","8078","2829","876","167","154","244","311","38978","13964","1436","4894","1046","3230","156551","10674","5144","48275","1942","43681","251156","87206","73450","1480","418","11858","163950","251156","87206","39220","726","1914","793","124","38309","6120","163950","105474","7782","766","40663","752","669","7844","251156","243068","89017","42620","68781","49845","20299","5718","3161","22351","1078","707","6711","8088","1768","1581","187","6320","3607","2713","89017","57958","27732","42620","20476","5043","2183","10295","5073","31059","21984","10451","1973","11533","4591","30549","19793","2.73","3.27","93957","89017","4940","2179","102","1272","195","290","902","2.5","5.1","89017","48650","40367","133601","109467","2.75","2.71","1.44493778093","0.01306961076"
"39","0630030","Patterson Joint Unified School District","932235362.0","1463713.0","+37.4680012","-121.3907068","25505","2156","2317","2425","2377","1765","1761","1733","1781","1799","1856","1535","1186","1014","595","424","327","246","208","12976","1139","1161","1287","1257","932","874","859","894","926","980","777","592","486","295","185","141","106","85","12529","1017","1156","1138","1120","833","887","874","887","873","876","758","594","528","300","239","186","140","123","29.9","29.1","30.7","18103","9126","8977","17106","8611","8495","15822","7913","7909","2384","1101","1283","1800","812","988","25505","24128","13114","1362","266","1137","194","115","537","32","32","82","145","301","39","18","119","125","7948","1377","140","252","152","469","14244","1657","497","1553","444","8589","25505","15123","13477","218","10","1418","10382","25505","15123","6073","126","148","72","35","7894","775","10382","7041","1236","118","1065","266","54","602","25505","25406","7141","4351","9725","7084","2867","1167","325","1322","138","51","616","99","0","0","0","99","89","10","7141","5857","3389","4351","2544","620","332","886","513","1284","949","478","106","471","265","3872","1372","3.56","3.89","8095","7141","954","155","11","200","36","180","372","4.1","5.9","7141","4675","2466","15920","9486","3.41","3.85","2.15518457201","0.09507741261"
"40","0601770","Alameda City Unified School District","27261377.0","31983360.0","+37.7644706","-122.2832729","73812","4182","4256","4151","4200","4004","4718","4803","5614","5865","6036","5858","5453","4697","2931","2148","1710","1514","1672","35315","2140","2179","2111","2256","2120","2297","2261","2569","2808","2806","2774","2602","2252","1325","965","724","615","511","38497","2042","2077","2040","1944","1884","2421","2542","3045","3057","3230","3084","2851","2445","1606","1183","986","899","1161","40.7","39.5","41.9","60333","28423","31910","58508","27462","31046","56295","26236","30059","12592","5372","7220","9975","4140","5835","73812","68547","37460","4759","426","23058","793","10636","5419","836","1496","2041","1837","381","77","129","86","89","2463","5265","443","2224","618","410","41810","6149","1397","26240","834","3308","73812","8092","4765","487","158","2682","65720","73812","8092","3992","243","179","236","39","2185","1218","65720","33468","4516","247","22822","342","278","4047","73812","72316","30123","13440","19626","14034","4531","1091","1030","4596","163","286","2140","1496","639","217","422","857","665","192","30123","18291","8484","13440","6099","1228","537","3623","1848","11832","9347","3836","842","5511","2032","9144","7267","2.4","3.06","32351","30123","2228","942","65","164","63","207","787","1.1","5.7","30123","14488","15635","37042","35274","2.56","2.26","0.36597329633","0.00605719609"
"41","0629610","Palo Alto Unified School District","71060906.0","1733469.0","+37.4095181","-122.1493751","80606","3978","4722","4778","6406","7855","6318","4510","4802","5402","5976","5209","4541","3976","3306","2466","2124","1877","2360","40217","2067","2370","2478","3226","4298","3557","2338","2295","2557","2947","2588","2295","1904","1539","1116","970","815","857","40389","1911","2352","2300","3180","3557","2761","2172","2507","2845","3029","2621","2246","2072","1767","1350","1154","1062","1503","36.9","34.4","39.1","66068","32762","33306","64031","31737","32294","59039","29188","29851","14499","6414","8085","12133","5297","6836","80606","76761","50879","1848","202","21977","3646","11789","756","1482","2381","620","1303","170","27","17","25","101","1685","3845","285","2319","404","197","54373","2474","634","24750","423","2069","80606","5442","3006","203","166","2067","75164","80606","5442","3346","96","63","87","9","1394","447","75164","47533","1752","139","21890","161","291","3398","80606","73877","31186","15873","19407","16032","2098","383","809","5313","109","238","1355","6729","379","177","202","6350","3286","3064","31186","18464","9157","15873","7793","701","348","1890","1016","12722","9509","4296","920","5213","2460","9438","8589","2.37","3.02","33054","31186","1868","723","94","254","88","310","399","1.5","4.6","31186","16412","14774","43581","30296","2.66","2.05","0.51832875017","0.00740868426"
"42","0600021","Sunol Glen Unified School District","244311038.0","2809647.0","+37.5511338","-121.8054596","945","27","44","44","60","51","32","41","42","56","92","100","108","91","79","32","26","9","11","476","10","25","21","35","30","13","19","24","30","43","46","54","44","35","23","13","5","6","469","17","19","23","25","21","19","22","18","26","49","54","54","47","44","9","13","4","5","49.3","48.6","49.7","821","414","407","793","399","394","760","377","383","216","110","106","157","82","75","945","892","808","1","7","50","19","8","6","13","1","2","1","7","2","4","0","1","19","53","27","14","1","2","859","3","34","65","15","23","945","92","74","5","3","10","853","945","92","62","0","3","0","2","18","7","853","746","1","4","50","5","1","46","945","945","379","238","209","123","55","24","8","64","5","4","22","0","0","0","0","0","0","0","379","268","65","238","57","9","1","21","7","111","86","45","9","41","15","79","107","2.49","2.87","411","379","32","4","3","3","3","5","14","1.0","3.9","379","283","96","732","213","2.59","2.22","0.79344390606","0.02519782612"
"43.0","0625830","Morgan Hill Unified School District","737725025.0","7591122.0","+37.1760167","-121.6210422","59911","4141","4510","4606","4552","3250","3294","3477","4120","4589","5295","4796","3926","3247","2271","1467","904","709","757","29855","2077","2303","2356","2393","1724","1641","1705","2013","2189","2634","2479","1921","1603","1091","743","417","285","281","30056","2064","2207","2250","2159","1526","1653","1772","2107","2400","2661","2317","2005","1644","1180","724","487","424","476","37.7","37.0","38.4","45690","22625","23065","43684","21589","22095","41401","20334","21067","7988","3755","4233","6108","2817","3291","59911","56374","38579","1192","578","6569","1049","1403","1321","656","288","1345","507","208","59","67","22","60","9248","3537","440","1078","255","826","41599","1667","1280","8165","589","10502","59911","20304","17222","347","100","2635","39607","59911","20304","8809","125","374","195","23","9148","1630","39607","29770","1067","204","6374","185","100","1907","59911","59335","19345","11972","19720","14169","4895","1630","840","3403","287","150","1195","576","255","127","128","321","184","137","19345","15150","7473","11972","5825","1038","515","2140","1133","4195","3145","1437","354","1708","793","8256","4349","3.07","3.41","20272","19345","927","153","20","216","68","162","308","1.5","2.7","19345","13904","5441","41713","17622","3.0","3.24","1.65595237505","0.07562233768"
"43.1","0625830","Morgan Hill Unified School District","737725025.0","7591122.0","+37.1760167","-121.6210422","59911","4141","4510","4606","4552","3250","3294","3477","4120","4589","5295","4796","3926","3247","2271","1467","904","709","757","29855","2077","2303","2356","2393","1724","1641","1705","2013","2189","2634","2479","1921","1603","1091","743","417","285","281","30056","2064","2207","2250","2159","1526","1653","1772","2107","2400","2661","2317","2005","1644","1180","724","487","424","476","37.7","37.0","38.4","45690","22625","23065","43684","21589","22095","41401","20334","21067","7988","3755","4233","6108","2817","3291","59911","56374","38579","1192","578","6569","1049","1403","1321","656","288","1345","507","208","59","67","22","60","9248","3537","440","1078","255","826","41599","1667","1280","8165","589","10502","59911","20304","17222","347","100","2635","39607","59911","20304","8809","125","374","195","23","9148","1630","39607","29770","1067","204","6374","185","100","1907","59911","59335","19345","11972","19720","14169","4895","1630","840","3403","287","150","1195","576","255","127","128","321","184","137","19345","15150","7473","11972","5825","1038","515","2140","1133","4195","3145","1437","354","1708","793","8256","4349","3.07","3.41","20272","19345","927","153","20","216","68","162","308","1.5","2.7","19345","13904","5441","41713","17622","3.0","3.24","1.65595237505","0.07562233768"
"44","0600020","Pleasanton Unified School District","102286837.0","395189.0","+37.6649739","-121.8867095","70714","3914","5256","6012","5357","2904","2984","3406","4747","6185","7390","6275","4785","3665","2644","1878","1383","1036","893","34666","2009","2708","3058","2825","1484","1494","1611","2202","2942","3616","3220","2390","1769","1202","852","602","409","273","36048","1905","2548","2954","2532","1420","1490","1795","2545","3243","3774","3055","2395","1896","1442","1026","781","627","620","40.6","39.9","41.3","54213","26222","27991","51676","24912","26764","49591","23746","25845","9977","4373","5604","7834","3338","4496","70714","67366","47545","1194","230","16257","5175","5642","1524","618","1876","429","993","134","32","29","11","62","2006","3348","329","1648","244","400","50515","1619","730","18400","393","2700","70714","7302","4925","333","95","1949","63412","70714","7302","4346","74","84","112","9","1852","825","63412","43199","1120","146","16145","125","154","2523","70714","70258","25439","16325","23167","18241","2830","652","849","2497","122","111","1051","456","136","36","100","320","109","211","25439","19318","10375","16325","8694","960","524","2033","1157","6121","4907","1863","404","3044","1475","10804","5492","2.76","3.19","26269","25439","830","315","22","172","44","120","157","0.9","4.1","25439","18054","7385","52170","18088","2.89","2.45","0.57289679169","0.01048526457"
"45","0624500","Milpitas Unified School District","281976111.0","5405206.0","+37.4364506","-121.7156541","66064","4481","4148","4046","4142","4139","4931","5544","5658","5126","5271","4916","4062","3243","2165","1623","1228","805","536","33761","2264","2108","2061","2257","2357","2600","2855","2927","2604","2754","2545","1991","1592","1075","708","553","329","181","32303","2217","2040","1985","1885","1782","2331","2689","2731","2522","2517","2371","2071","1651","1090","915","675","476","355","36.4","35.6","37.2","52558","26883","25675","50945","26029","24916","48430","24615","23815","8108","3698","4410","6357","2846","3511","66064","62998","13928","1939","313","40699","5838","9935","11410","407","702","10274","2133","346","29","107","78","132","5773","3066","217","1028","221","387","16085","2548","797","42604","738","6679","66064","11191","9220","207","44","1720","54873","66064","11191","3969","132","172","228","30","5680","980","54873","9959","1807","141","40471","316","93","2086","66064","63366","18881","12083","19495","12816","8806","1994","2021","4101","288","196","851","2698","2594","2046","548","104","56","48","18881","15429","7498","12083","6227","1099","348","2247","923","3452","2404","1133","233","1271","499","8488","4613","3.36","3.62","19522","18881","641","199","23","153","88","63","115","1.2","3.2","18881","12939","5942","42829","20537","3.31","3.46","1.21414769661","0.02926170832"
"46","0600019","Dublin Unified School District","35718186.0","11403.0","+37.7154851","-121.9108567","45654","3349","3018","2426","2437","2629","4085","4536","4710","4077","3665","3118","2416","1846","1265","878","624","343","232","23792","1709","1535","1263","1417","1559","2176","2359","2501","2056","1856","1618","1220","909","607","459","322","147","79","21862","1640","1483","1163","1020","1070","1909","2177","2209","2021","1809","1500","1196","937","658","419","302","196","153","35.4","34.7","36.0","36393","19036","17357","35483","18548","16935","33965","17568","16397","4386","2104","2282","3342","1614","1728","45654","42926","23515","4323","246","12121","3048","3561","2522","375","931","715","969","286","83","66","53","84","2435","2728","217","1211","228","348","25813","4808","612","13839","545","3026","45654","6619","4704","379","95","1441","39035","45654","6619","3232","132","82","151","10","2297","715","39035","20283","4191","164","11970","276","138","2013","45654","39880","14799","8529","12206","9564","2278","492","622","2068","97","63","915","5774","5682","4119","1563","92","46","46","14799","10513","5521","8529","4517","609","310","1375","694","4286","3191","1454","155","1737","420","5826","2227","2.69","3.19","15638","14799","839","292","29","225","34","92","167","2.3","5.0","14799","9323","5476","26627","13253","2.86","2.42","0.36558464289","0.0036510178"
"47.0","0634410","San Francisco Unified School District","121399963.0","479190317.0","+37.7272391","-123.0322294","805235","35203","28462","26299","34606","60618","88156","79964","70813","62869","57577","54230","51708","44888","29780","24542","20839","17190","17491","408462","17963","14466","13467","16888","29269","44178","41351","38264","34906","31783","28957","26777","22455","14318","11274","9294","6878","5974","396773","17240","13996","12832","17718","31349","43978","38613","32549","27963","25794","25273","24931","22433","15462","13268","11545","10312","11517","38.5","38.5","38.5","709463","359675","349788","697711","353705","344006","671327","341135","330192","134616","60034","74582","109842","47738","62104","805235","767576","390387","48870","4024","267915","9747","172181","36347","10121","9670","12871","16978","3359","410","313","1988","648","53021","37659","3097","14286","3742","5684","420823","57810","10873","288529","6173","62482","805235","121774","59675","4204","1992","55903","683461","805235","121774","52936","2089","2196","2215","231","50527","11580","683461","337451","46781","1828","265700","3128","2494","26079","805235","780971","345811","109437","141331","89283","68583","14359","14116","115809","2939","3976","32061","24264","5362","2926","2436","18902","10709","8193","345811","151029","55212","109437","40774","12748","3727","28844","10711","194782","133366","66729","11990","66637","22244","63577","82139","2.26","3.11","376942","345811","31131","12832","779","2984","759","5564","8213","2.3","5.4","345811","123646","222165","327985","452986","2.65","2.04","1.64535335958","0.06140787455"
"47.1","0634410","San Francisco Unified School District","121399963.0","479190317.0","+37.7272391","-123.0322294","805235","35203","28462","26299","34606","60618","88156","79964","70813","62869","57577","54230","51708","44888","29780","24542","20839","17190","17491","408462","17963","14466","13467","16888","29269","44178","41351","38264","34906","31783","28957","26777","22455","14318","11274","9294","6878","5974","396773","17240","13996","12832","17718","31349","43978","38613","32549","27963","25794","25273","24931","22433","15462","13268","11545","10312","11517","38.5","38.5","38.5","709463","359675","349788","697711","353705","344006","671327","341135","330192","134616","60034","74582","109842","47738","62104","805235","767576","390387","48870","4024","267915","9747","172181","36347","10121","9670","12871","16978","3359","410","313","1988","648","53021","37659","3097","14286","3742","5684","420823","57810","10873","288529","6173","62482","805235","121774","59675","4204","1992","55903","683461","805235","121774","52936","2089","2196","2215","231","50527","11580","683461","337451","46781","1828","265700","3128","2494","26079","805235","780971","345811","109437","141331","89283","68583","14359","14116","115809","2939","3976","32061","24264","5362","2926","2436","18902","10709","8193","345811","151029","55212","109437","40774","12748","3727","28844","10711","194782","133366","66729","11990","66637","22244","63577","82139","2.26","3.11","376942","345811","31131","12832","779","2984","759","5564","8213","2.3","5.4","345811","123646","222165","327985","452986","2.65","2.04","1.64535335958","0.06140787455"
"48","0634740","San Lorenzo Valley Unified School District","235764578.0","737895.0","+37.1410742","-122.1152878","23877","1144","1162","1302","1401","1223","1271","1366","1397","1878","2247","2591","2638","2015","1005","495","282","250","210","12178","586","603","681","751","681","622","683","700","951","1149","1263","1369","1048","515","244","137","110","85","11699","558","559","621","650","542","649","683","697","927","1098","1328","1269","967","490","251","145","140","125","44.4","44.1","44.8","19995","10163","9832","19424","9872","9552","18620","9417","9203","3339","1668","1671","2242","1091","1151","23877","22830","21649","164","175","342","34","61","85","73","23","9","57","49","23","6","9","11","451","1047","329","248","88","159","22640","315","593","687","152","653","23877","1904","1312","78","39","475","21973","23877","1904","1127","12","47","16","5","393","304","21973","20522","152","128","326","44","58","743","23877","23762","9882","4826","5823","4030","880","306","144","2351","112","105","984","115","1","1","0","114","78","36","9882","6093","2436","4826","1762","444","237","823","437","3789","2620","1427","218","1193","337","2662","1730","2.4","2.89","11239","9882","1357","150","24","126","35","674","348","1.7","5.0","9882","7070","2812","17692","6070","2.5","2.16","0.89208921704","0.02398496841"
